{
    "conv1": {
        "best_alpha": 212145.1784910632,
        "mean_explained_variance": 0.09209011495113373,
        "mean_correlation": 0.28508593982497465
    },
    "layer1": {
        "best_alpha": 3696.9127071950284,
        "mean_explained_variance": 0.22577707469463348,
        "mean_correlation": 0.4578391241191233
    },
    "layer2": {
        "best_alpha": 580.5225516094902,
        "mean_explained_variance": 0.235309436917305,
        "mean_correlation": 0.4677831368720866
    },
    "layer3": {
        "best_alpha": 114.89510001873097,
        "mean_explained_variance": 0.22878214716911316,
        "mean_correlation": 0.46164330916566715
    },
    "layer4": {
        "best_alpha": 22.739657523579286,
        "mean_explained_variance": 0.22172541916370392,
        "mean_correlation": 0.45394669470187987
    },
    "avgpool": {
        "best_alpha": 1.0,
        "mean_explained_variance": 0.07116613537073135,
        "mean_correlation": 0.2868564560285633
    }
}